{
  "id": "primary",
  "name": "Trained model (real-parkera)",
  "coeffs": {
    "basic_intercept": 0,
    "w_babip": 13.109641222522812,
    "w_pow": 12.468767521068079,
    "w_eye": 12.2203409552218,
    "w_k": 14.8920049520125,
    "w_gap": 5.390092995993487,
    "w_speed": 0,
    "w_run": 0,
    "w_steal": 0,
    "eyeInt": -160.27892235728777,
    "eye": 45.13218230541101,
    "powInt": -43.5802955986308,
    "pow": 12.627006049066486,
    "kInt": 546.4189751104443,
    "k": -90.84705642616986,
    "kbb600": 0,
    "baInt": -713.6094975843864,
    "ba": 28.363820822264593,
    "bipba": 116.84194132448617,
    "gapLogA": -0.5429438609501159,
    "gapLogB": 0.17009373283502627,
    "p_stuff": 14.23917960232144,
    "p_control": 14.816672536446086,
    "p_babip": 8.075912036489093,
    "p_hr": 15.933055873479155,
    "p_hold": 0,
    "p_bb_int": 262.7588424534687,
    "p_bb_con": -46.62850372855541,
    "p_k_int": -138.5679986653758,
    "p_k_stu": 53.983051661947705,
    "p_hr_int": 84.68888507055685,
    "p_hr_hrr": -14.686153600012728,
    "p_nHH_int": -497.07228036869134,
    "p_nHH_pbabip": -15.500531653947304,
    "p_nHH_bip": 115.57741562275744,
    "p_xbh_share": 0.25,
    "p_xbh_norm": 0.984286,
    "p_leagueNorm_bb": 0.977922,
    "p_leagueNorm_hr": 0.988549,
    "p_leagueNorm_h": 0.986275,
    "hradj_exgb": 1,
    "hradj_gb": 1,
    "hradj_neu": 1,
    "hradj_fb": 1,
    "hradj_exfb": 1
  },
  "extras": {
    "ssp_basic_hitting": 0.995,
    "ssp_adv_hitting": 0.995,
    "ssp_basic_pitching": 0.995,
    "l_pitch_split": 0.4,
    "r_pitch_split": 0.4,
    "l_hit_split": 0.4,
    "r_hit_split": 0.4,
    "w_babip2": 0,
    "w_pow2": 0,
    "w_eye2": 0,
    "w_k2": 0,
    "w_gap2": 0,
    "adv_speed": 0,
    "adv_run": 0,
    "adv_steal": 0,
    "adv_sf": 4,
    "adv_sh": 4,
    "adv_hbp": 6,
    "eye2": 0,
    "eye3": 0,
    "pow2": 0,
    "pow3": 0,
    "k2": 0,
    "leagueNorm_bb": 0.989556,
    "leagueNorm_k": 1.001195,
    "leagueNorm_hr": 0.982529,
    "leagueNorm_h": 0.996074,
    "leagueNorm_xbh": 0.997353,
    "p_int": 0,
    "p_stuff2": 0,
    "p_control2": 0,
    "p_babip2": 0,
    "p_hr2": 0,
    "p_bb_con2": 0,
    "p_bb_con3": 0,
    "p_k_stu2": 0,
    "p_k_stu3": 0,
    "p_hr_hrr2": 0,
    "p_hr_exgb": 0,
    "p_hr_gb": 0,
    "p_hr_fb": 0,
    "p_hr_exfb": 0,
    "p_leagueNorm_k": 1.003271,
    "pw_lineup_bothSides": 1,
    "pw_lineup_bothSidesBonus": 1.25,
    "pw_lineup_bothSidesThreshold": 25,
    "pw_lineup_bench": 0.3,
    "pw_lineup_backupCAdditional": 0.3,
    "pw_rotation_sp1": 1,
    "pw_rotation_sp2": 0.95,
    "pw_rotation_sp3": 0.9,
    "pw_rotation_sp4": 0.8,
    "pw_rotation_sp5": 0.75,
    "pw_rotation_pitcherScale": 2,
    "pw_bullpen_swingman": 0.45,
    "pw_bullpen_reliever": 0.15
  }
}