{
  "id": "league-41-42",
  "name": "League 41-42",
  "datasetRoot": "League Files",
  "window": [
    2041,
    2042
  ],
  "minPA": 1000,
  "includeVariants": true,
  "formatVersion": 4,
  "validation": {
    "errors": 0,
    "warnings": 0,
    "excluded": [],
    "forced": false
  },
  "vertexGate": {
    "ok": true,
    "forced": false,
    "offenders": []
  },
  "coefficients": {
    "woba_hitting": {
      "bb": {
        "intercept": -152.31134438661448,
        "eye": 43.004099023092806,
        "eye2": 0,
        "eye3": 0
      },
      "k": {
        "intercept": 530.0129936440435,
        "k": -86.93175315789921,
        "k2": 0
      },
      "hr": {
        "intercept": -52.8749292782955,
        "pow": 14.54054941352197,
        "pow2": 0,
        "pow3": 0,
        "alt_log": true
      },
      "h": {
        "intercept": -672.799145403752,
        "ba": 23.338943083129028,
        "bipba": 113.76031862758865
      },
      "xbh": {
        "logA": -0.5141558392036208,
        "logB": 0.16371858785417626
      },
      "hbp": {
        "constant": 6
      },
      "leagueNorm": {
        "bb": 1.016255,
        "k": 1.009579,
        "hr": 0.963986,
        "h": 0.998116,
        "xbh": 0.994081
      }
    },
    "woba_pitching": {
      "bb": {
        "intercept": 259.63477814723296,
        "con": -46.01735570525833,
        "con2": 0,
        "con3": 0
      },
      "k": {
        "intercept": -128.34720564892427,
        "stu": 51.444403039959845,
        "stu2": 0,
        "stu3": 0
      },
      "hr": {
        "intercept": 85.02824808401712,
        "hrr": -14.614851894404325,
        "hrr2": 0,
        "hrr_exgb": 0,
        "hrr_gb": 0,
        "hrr_fb": 0,
        "hrr_exfb": 0
      },
      "h": {
        "intercept": -532.961359346473,
        "pbabip": -12.825702939884978,
        "bip": 119.27701723510171
      },
      "xbh": {
        "share": 0.25
      },
      "leagueNorm": {
        "bb": 0.996656,
        "k": 1.004286,
        "hr": 0.970049,
        "h": 0.995109,
        "xbh": 0.993102
      }
    },
    "basic_hitting": {
      "basic_intercept": 0,
      "w_babip": 11.873065169215609,
      "w_babip2": 0,
      "w_pow": 14.167604450054446,
      "w_pow2": 0,
      "w_eye": 10.36248259486064,
      "w_eye2": 0,
      "w_k": 13.79922444329796,
      "w_k2": 0,
      "w_gap": 4.318687412221733,
      "w_gap2": 0
    },
    "basic_pitching": {
      "basic_intercept": 0,
      "p_stuff": 12.657215860400445,
      "p_stuff2": 0,
      "p_control": 10.505364715166358,
      "p_control2": 0,
      "p_babip": 7.4922634082330575,
      "p_babip2": 0,
      "p_hr": 16.08212526233951,
      "p_hr2": 0
    }
  },
  "eventForm": {
    "hit": {
      "bb": {
        "beta": [
          -152.31134438661448,
          43.004099023092806
        ],
        "mu": 0,
        "sd": 1,
        "curve": {
          "kind": "log"
        }
      },
      "k": {
        "beta": [
          530.0129936440435,
          -86.93175315789921
        ],
        "mu": 0,
        "sd": 1,
        "curve": {
          "kind": "log"
        }
      },
      "hr": {
        "beta": [
          15.785732163635714,
          3.2479870112241485,
          -0.37567163941283827
        ],
        "mu": 112.27040922881203,
        "sd": 23.209839216635192,
        "curve": {
          "kind": "rawpoly",
          "degree": 2
        },
        "uMin": -3.846231264059306,
        "uMax": 2.056437803195928
      },
      "h": {
        "beta": [
          -670.618627237248,
          23.299602708603356,
          113.42964060692631
        ],
        "rating": {
          "curve": {
            "kind": "log"
          },
          "mu": 0,
          "sd": 1
        },
        "bip": {
          "curve": {
            "kind": "log"
          },
          "mu": 0,
          "sd": 1
        }
      },
      "xbh": {
        "beta": [
          -0.5136575519564746,
          0.16361111666763106
        ],
        "mu": 0,
        "sd": 1,
        "curve": {
          "kind": "log"
        }
      }
    },
    "pit": {
      "bb": {
        "beta": [
          269.16409578176376,
          -48.08899986256919
        ],
        "mu": 0,
        "sd": 1,
        "curve": {
          "kind": "log"
        },
        "aux": {
          "beta": -1.1518120513170562,
          "mu": 4.767208102042994,
          "sd": 0.18108985546505663
        }
      },
      "k": {
        "beta": [
          117.25255929067417,
          9.328676232027743,
          -0.353589962736652
        ],
        "mu": 119.48202078125357,
        "sd": 20.943874871541542,
        "curve": {
          "kind": "rawpoly",
          "degree": 2
        },
        "uMin": -2.362601050891951,
        "uMax": 3.2237577636834343
      },
      "hr": {
        "beta": [
          15.135826315204218,
          -1.7842274674395466,
          0.2860822805728498
        ],
        "mu": 118.12289503577799,
        "sd": 15.16359320160316,
        "curve": {
          "kind": "rawpoly",
          "degree": 2
        },
        "aux": {
          "beta": -0.34204300227925916,
          "mu": 4.767208102042994,
          "sd": 0.18108985546505663
        },
        "uMin": -4.29468755656759,
        "uMax": 2.300055435444856
      },
      "h": {
        "beta": [
          -634.4799906101913,
          -1.7796067154294999,
          0.12350697531014768,
          125.97375965248857
        ],
        "rating": {
          "curve": {
            "kind": "rawpoly",
            "degree": 2
          },
          "mu": 117.85917130197097,
          "sd": 16.22545293186008,
          "uMin": -4.1822666884524144,
          "uMax": 3.5216784972349258
        },
        "bip": {
          "curve": {
            "kind": "log"
          },
          "mu": 0,
          "sd": 1
        }
      }
    }
  },
  "platoon": {
    "r_hit_split": 0.5926859973718844,
    "l_hit_split": 0.26672674311606387,
    "s_hit_split": 0.630786901727887,
    "r_pitch_split": 0.4612509386211308,
    "l_pitch_split": 0.24246654763518677,
    "teamVR": 0.6447640697198429,
    "teamVL": 0.3552359302801571,
    "hit": [
      {
        "hand": "R",
        "vsRHP": 0.5926859973718844,
        "vsLHP": 0.4073140026281155,
        "pa": 979409
      },
      {
        "hand": "L",
        "vsRHP": 0.7332732568839361,
        "vsLHP": 0.26672674311606387,
        "pa": 630308
      },
      {
        "hand": "S",
        "vsRHP": 0.630786901727887,
        "vsLHP": 0.36921309827211296,
        "pa": 342152
      }
    ],
    "pit": [
      {
        "hand": "R",
        "vsRHB": 0.4612509386211308,
        "vsLHB": 0.5387490613788692,
        "bf": 1258495
      },
      {
        "hand": "L",
        "vsRHB": 0.7575334523648132,
        "vsLHB": 0.24246654763518677,
        "bf": 693374
      }
    ],
    "pitchRoleSplits": {
      "sp": {
        "r": 0.45315847976728235,
        "l": 0.21836247134531997
      },
      "rp": {
        "r": 0.47782770356195575,
        "l": 0.2829193866120746
      }
    }
  },
  "wobaWeights": {
    "bb": 0.7083815631163374,
    "hbp": 0.7389278172145874,
    "b1": 0.8992,
    "xbh": 1.2998995311032182,
    "hr": 2.0492824141434363
  },
  "ratingEnvelope": {
    "hit": {
      "eye": 204,
      "pow": 160,
      "kRat": 230,
      "babip": 164,
      "gap": 164
    },
    "pit": {
      "con": 150,
      "stu": 187,
      "pbabip": 175,
      "hrr": 153
    }
  },
  "trainingMeans": {
    "hit": {
      "eye": 119.25,
      "pow": 117.45,
      "kRat": 126.47,
      "babip": 127.18,
      "gap": 112.37
    },
    "pit": {
      "con": 102.21,
      "stu": 127.13,
      "pbabip": 121.94,
      "hrr": 122.93
    }
  },
  "diag": {
    "hitPearson": 0.9007,
    "pitPearson": 0.779,
    "rowsHit": 169,
    "rowsPit": 139
  },
  "trainedAt": "2026-07-20T08:43:10.246Z"
}