{
  "id": "league-39-40",
  "name": "League 39-40",
  "datasetRoot": "League Files",
  "window": [
    2039,
    2040
  ],
  "minPA": 1000,
  "includeVariants": true,
  "coefficients": {
    "woba_hitting": {
      "bb": {
        "intercept": -152.37197518913044,
        "eye": 43.126334220249475,
        "eye2": 0,
        "eye3": 0
      },
      "k": {
        "intercept": 494.5921431963399,
        "k": -79.73255208484743,
        "k2": 0
      },
      "hr": {
        "intercept": -39.14854087013563,
        "pow": 11.633329843903452,
        "pow2": 0,
        "pow3": 0,
        "alt_log": true
      },
      "h": {
        "intercept": -685.6197995345341,
        "ba": 22.91832423901552,
        "bipba": 116.32555050116339
      },
      "xbh": {
        "logA": -0.4398104915716428,
        "logB": 0.148330391194516
      },
      "hbp": {
        "constant": 6
      },
      "leagueNorm": {
        "bb": 1.006539,
        "k": 1.004025,
        "hr": 0.987829,
        "h": 0.998831,
        "xbh": 0.99311
      }
    },
    "woba_pitching": {
      "bb": {
        "intercept": 248.07083485580233,
        "con": -43.46833163554154,
        "con2": 0,
        "con3": 0
      },
      "k": {
        "intercept": -123.81702023465485,
        "stu": 50.7521850599846,
        "stu2": 0,
        "stu3": 0
      },
      "hr": {
        "intercept": 74.2291350061308,
        "hrr": -12.447305649011538,
        "hrr2": 0,
        "hrr_exgb": 0,
        "hrr_gb": 0,
        "hrr_fb": 0,
        "hrr_exfb": 0
      },
      "h": {
        "intercept": -470.12410157493247,
        "pbabip": -12.504792747988079,
        "bip": 108.63869065001536
      },
      "xbh": {
        "share": 0.25
      },
      "leagueNorm": {
        "bb": 0.992106,
        "k": 0.999115,
        "hr": 0.996115,
        "h": 0.992473,
        "xbh": 0.990471
      }
    },
    "basic_hitting": {
      "basic_intercept": 0,
      "w_babip": 10.909558915788542,
      "w_babip2": 0,
      "w_pow": 9.427492726373307,
      "w_pow2": 0,
      "w_eye": 10.290179998327316,
      "w_eye2": 0,
      "w_k": 9.389186731531419,
      "w_k2": 0,
      "w_gap": 2.8039363305919105,
      "w_gap2": 0
    },
    "basic_pitching": {
      "basic_intercept": 0,
      "p_stuff": 11.056384215247306,
      "p_stuff2": 0,
      "p_control": 11.452920520001928,
      "p_control2": 0,
      "p_babip": 7.4119022906706515,
      "p_babip2": 0,
      "p_hr": 13.438500895570908,
      "p_hr2": 0
    }
  },
  "eventForm": {
    "hit": {
      "bb": {
        "beta": [
          -152.37197518913044,
          43.126334220249475
        ],
        "mu": 0,
        "sd": 1,
        "curve": {
          "kind": "log"
        }
      },
      "k": {
        "beta": [
          494.5921431963399,
          -79.73255208484743
        ],
        "mu": 0,
        "sd": 1,
        "curve": {
          "kind": "log"
        }
      },
      "hr": {
        "beta": [
          15.240329785803898,
          3.506288450434704,
          -0.2394198616899569
        ],
        "mu": 108.68750290452522,
        "sd": 24.37090890828385,
        "curve": {
          "kind": "rawpoly",
          "degree": 2
        }
      },
      "h": {
        "beta": [
          -674.3163169518886,
          22.615908723201823,
          114.68867930637371
        ],
        "rating": {
          "curve": {
            "kind": "log"
          },
          "mu": 0,
          "sd": 1
        },
        "bip": {
          "curve": {
            "kind": "log"
          },
          "mu": 0,
          "sd": 1
        }
      },
      "xbh": {
        "beta": [
          0.25349970134748645,
          0.03261266117030578,
          -0.0024735036069807813
        ],
        "mu": 107.83575133119588,
        "sd": 21.409799920153755,
        "curve": {
          "kind": "rawpoly",
          "degree": 2
        }
      }
    },
    "pit": {
      "bb": {
        "beta": [
          248.07083485580233,
          -43.46833163554154
        ],
        "mu": 0,
        "sd": 1,
        "curve": {
          "kind": "log"
        }
      },
      "k": {
        "beta": [
          -123.81702023465485,
          50.7521850599846
        ],
        "mu": 0,
        "sd": 1,
        "curve": {
          "kind": "log"
        }
      },
      "hr": {
        "beta": [
          74.2291350061308,
          -12.447305649011538
        ],
        "mu": 0,
        "sd": 1,
        "curve": {
          "kind": "log"
        }
      },
      "h": {
        "beta": [
          -470.12410157493247,
          -12.504792747988079,
          108.63869065001536
        ],
        "rating": {
          "curve": {
            "kind": "log"
          },
          "mu": 0,
          "sd": 1
        },
        "bip": {
          "curve": {
            "kind": "log"
          },
          "mu": 0,
          "sd": 1
        }
      }
    }
  },
  "platoon": {
    "r_hit_split": 0.5401288195738561,
    "l_hit_split": 0.3368311079985764,
    "s_hit_split": 0.5623230905283367,
    "r_pitch_split": 0.48106468193606067,
    "l_pitch_split": 0.29379892766447907,
    "teamVR": 0.5798834749058775,
    "teamVL": 0.4201165250941224,
    "hit": [
      {
        "hand": "R",
        "vsRHP": 0.5401288195738561,
        "vsLHP": 0.45987118042614394,
        "pa": 1142994
      },
      {
        "hand": "L",
        "vsRHP": 0.6631688920014236,
        "vsLHP": 0.3368311079985764,
        "pa": 609721
      },
      {
        "hand": "S",
        "vsRHP": 0.5623230905283367,
        "vsLHP": 0.43767690947166327,
        "pa": 304181
      }
    ],
    "pit": [
      {
        "hand": "R",
        "vsRHB": 0.48106468193606067,
        "vsLHB": 0.5189353180639393,
        "bf": 1307583
      },
      {
        "hand": "L",
        "vsRHB": 0.7062010723355209,
        "vsLHB": 0.29379892766447907,
        "bf": 742678
      }
    ]
  },
  "diag": {
    "hitPearson": 0.8521,
    "pitPearson": 0.7712,
    "rowsHit": 177,
    "rowsPit": 141
  },
  "trainedAt": "2026-06-29T19:51:38.690Z"
}