{
  "id": "park-192",
  "name": "Yankee Stadium (1927)",
  "avg_l": 0.964312648,
  "avg_r": 0.972235334,
  "hr_l": 1.129879861,
  "hr_r": 1.166983353,
  "gap": 0.876475469,
  "gap_l": 0.832422841,
  "gap_r": 0.928890369,
  "triple": 1.126756026,
  "triple_l": 1.031234673,
  "triple_r": 1.249895534,
  "year": 1927,
  "league": "AL",
  "team": "New York Yankees",
  "ptLevel": 0
}