{
  "id": "park-172",
  "name": "Fenway Park (1945)",
  "avg_l": 0.996641238,
  "avg_r": 1.045123346,
  "hr_l": 0.807690999,
  "hr_r": 1.384982092,
  "gap": 1.089333415,
  "gap_l": 1.041836264,
  "gap_r": 1.116746302,
  "triple": 0.835139002,
  "triple_l": 0.81904955,
  "triple_r": 0.851365087,
  "year": 1945,
  "league": "AL",
  "team": "Boston Red Sox",
  "ptLevel": -2
}