{
  "id": "park-186",
  "name": "Wrigley Field (1932)",
  "avg_l": 1.003696671,
  "avg_r": 0.993552718,
  "hr_l": 1.112475201,
  "hr_r": 0.916434785,
  "gap": 0.997825324,
  "gap_l": 1.060848379,
  "gap_r": 0.978827386,
  "triple": 0.916260933,
  "triple_l": 0.859772209,
  "triple_r": 0.931065369,
  "year": 1932,
  "league": "NL",
  "team": "Chicago Cubs",
  "ptLevel": -2
}