{
  "id": "park-132",
  "name": "Fenway Park (1975)",
  "avg_l": 1.047398134,
  "avg_r": 1.026434704,
  "hr_l": 0.984722664,
  "hr_r": 1.162635509,
  "gap": 1.123962065,
  "gap_l": 1.095759272,
  "gap_r": 1.142965533,
  "triple": 1.047596361,
  "triple_l": 1.110752502,
  "triple_r": 1.003512356,
  "year": 1975,
  "league": "AL",
  "team": "Boston Red Sox",
  "ptLevel": -2
}