{
  "id": "park-79",
  "name": "Citi Field (2013)",
  "avg_l": 0.950391115,
  "avg_r": 0.971854105,
  "hr_l": 1.00919773,
  "hr_r": 1.067434326,
  "gap": 0.991799977,
  "gap_l": 0.996347191,
  "gap_r": 0.987919828,
  "triple": 0.870458355,
  "triple_l": 0.912905122,
  "triple_r": 0.827256397,
  "year": 2013,
  "league": "NL",
  "team": "New York Mets",
  "ptLevel": 9
}