{
  "id": "park-130",
  "name": "Kingdome (1977)",
  "avg_l": 0.981421779,
  "avg_r": 0.983787379,
  "hr_l": 1.19174891,
  "hr_r": 1.128035601,
  "gap": 1.010333367,
  "gap_l": 0.974808123,
  "gap_r": 1.046468285,
  "triple": 0.918093859,
  "triple_l": 0.887890837,
  "triple_r": 0.956451412,
  "year": 1977,
  "league": "AL",
  "team": "Seattle Mariners",
  "ptLevel": 0
}