{
  "id": "park-80",
  "name": "Fenway Park (2013)",
  "avg_l": 1.055787396,
  "avg_r": 1.026361791,
  "hr_l": 0.861103149,
  "hr_r": 1.009842369,
  "gap": 1.125841319,
  "gap_l": 1.17861992,
  "gap_r": 1.083098036,
  "triple": 1.017188883,
  "triple_l": 1.161463799,
  "triple_r": 0.832704615,
  "year": 2013,
  "league": "AL",
  "team": "Boston Red Sox",
  "ptLevel": -2
}