{
  "id": "park-104",
  "name": "Cleveland Stadium (1991)",
  "avg_l": 1.003177256,
  "avg_r": 1.031737794,
  "hr_l": 0.892510702,
  "hr_r": 0.970577279,
  "gap": 0.972927166,
  "gap_l": 0.955930014,
  "gap_r": 0.980216386,
  "triple": 0.930506148,
  "triple_l": 0.951919126,
  "triple_r": 0.9180148,
  "year": 1991,
  "league": "AL",
  "team": "Cleveland Guardians",
  "ptLevel": 5
}