{
  "id": "park-13",
  "name": "Daikin Park",
  "avg_l": 1.014421821,
  "avg_r": 0.971768737,
  "hr_l": 1.019663572,
  "hr_r": 1.015596747,
  "gap": 0.995025098,
  "gap_l": 1.014163375,
  "gap_r": 0.984925747,
  "triple": 1.097737789,
  "triple_l": 1.286921144,
  "triple_r": 0.989836216,
  "year": 2026,
  "league": "MLB",
  "team": "Houston Astros",
  "ptLevel": 0
}