{
  "id": "park-129",
  "name": "Olympic Stadium (1977)",
  "avg_l": 0.986945067,
  "avg_r": 0.984425466,
  "hr_l": 0.875899807,
  "hr_r": 0.915974019,
  "gap": 1.020961539,
  "gap_l": 0.996061865,
  "gap_r": 1.030663059,
  "triple": 1.218846154,
  "triple_l": 1.18401816,
  "triple_r": 1.231350071,
  "year": 1977,
  "league": "NL",
  "team": "Montreal Expos",
  "ptLevel": 0
}