{
  "id": "park-21",
  "name": "Yankee Stadium (2026)",
  "avg_l": 0.96713984,
  "avg_r": 0.974669218,
  "hr_l": 1.067572713,
  "hr_r": 1.035498381,
  "gap": 0.954616666,
  "gap_l": 0.951235235,
  "gap_r": 0.961336076,
  "triple": 0.853598177,
  "triple_l": 0.849202454,
  "triple_r": 0.862251222,
  "year": 2026,
  "league": "MLB",
  "team": "New York Yankees",
  "ptLevel": 0
}