{
  "id": "park-81",
  "name": "Citi Field (2009)",
  "avg_l": 0.974587626,
  "avg_r": 0.991116805,
  "hr_l": 0.977410645,
  "hr_r": 0.91905943,
  "gap": 0.979726368,
  "gap_l": 0.967235216,
  "gap_r": 0.991021576,
  "triple": 1.15625,
  "triple_l": 1.059700407,
  "triple_r": 1.352973784,
  "year": 2009,
  "league": "NL",
  "team": "New York Mets",
  "ptLevel": 0
}