{
  "id": "park-7",
  "name": "Wrigley Field (2026)",
  "avg_l": 1.018797636,
  "avg_r": 0.994521081,
  "hr_l": 0.972875178,
  "hr_r": 1.005617619,
  "gap": 0.943708122,
  "gap_l": 0.986204386,
  "gap_r": 0.929316938,
  "triple": 1.088732362,
  "triple_l": 1.289765835,
  "triple_r": 0.963546634,
  "year": 2026,
  "league": "MLB",
  "team": "Chicago Cubs",
  "ptLevel": 0
}