{
  "id": "park-194",
  "name": "Braves Field (1926)",
  "avg_l": 0.981524745,
  "avg_r": 0.973088874,
  "hr_l": 0.630792703,
  "hr_r": 0.641816477,
  "gap": 0.960715744,
  "gap_l": 0.967657909,
  "gap_r": 0.956776645,
  "triple": 1.01574926,
  "triple_l": 1.042316147,
  "triple_r": 1.006668015,
  "year": 1926,
  "league": "NL",
  "team": "Boston Braves",
  "ptLevel": -2
}