{
  "id": "park-128",
  "name": "Wrigley Field (1977)",
  "avg_l": 1.033534812,
  "avg_r": 1.028077313,
  "hr_l": 1.276488818,
  "hr_r": 1.378075156,
  "gap": 1.030425236,
  "gap_l": 0.953384121,
  "gap_r": 1.091525907,
  "triple": 0.956944638,
  "triple_l": 0.911779688,
  "triple_r": 0.998147976,
  "year": 1977,
  "league": "NL",
  "team": "Chicago Cubs",
  "ptLevel": -2
}