{
  "id": "park-96",
  "name": "Wrigley Field (1998)",
  "avg_l": 1.033215667,
  "avg_r": 1.004812388,
  "hr_l": 1.027225507,
  "hr_r": 1.117769784,
  "gap": 0.980014762,
  "gap_l": 1.028132496,
  "gap_r": 0.945157121,
  "triple": 0.925791099,
  "triple_l": 1.029766242,
  "triple_r": 0.822344118,
  "year": 1998,
  "league": "NL",
  "team": "Chicago Cubs",
  "ptLevel": 0
}