{
  "id": "park-156",
  "name": "Fenway Park (1955)",
  "avg_l": 1.050325149,
  "avg_r": 1.049807852,
  "hr_l": 0.96427305,
  "hr_r": 1.199285817,
  "gap": 1.132409452,
  "gap_l": 1.140392306,
  "gap_r": 1.127560554,
  "triple": 0.850257543,
  "triple_l": 0.874493092,
  "triple_r": 0.835334436,
  "year": 1955,
  "league": "AL",
  "team": "Boston Red Sox",
  "ptLevel": -2
}