{
  "id": "park-84",
  "name": "Shea Stadium (2008)",
  "avg_l": 0.982011232,
  "avg_r": 0.960663349,
  "hr_l": 0.992748349,
  "hr_r": 1.016571711,
  "gap": 1.002608925,
  "gap_l": 1.003278055,
  "gap_r": 1.002780386,
  "triple": 0.903080806,
  "triple_l": 0.952030006,
  "triple_r": 0.833155488,
  "year": 2008,
  "league": "NL",
  "team": "New York Mets",
  "ptLevel": 0
}