{
  "id": "park-185",
  "name": "Baker Bowl (1933)",
  "avg_l": 1.108859032,
  "avg_r": 1.062042535,
  "hr_l": 1.43160291,
  "hr_r": 1.256340478,
  "gap": 1.073374799,
  "gap_l": 1.05492701,
  "gap_r": 1.087009166,
  "triple": 0.695240555,
  "triple_l": 0.672686662,
  "triple_r": 0.70913997,
  "year": 1933,
  "league": "NL",
  "team": "Philadelphia Phillies",
  "ptLevel": -2
}