{
  "id": "park-24",
  "name": "Petco Park",
  "avg_l": 0.965752482,
  "avg_r": 0.968022227,
  "hr_l": 1.014306545,
  "hr_r": 1.003760099,
  "gap": 0.954187572,
  "gap_l": 0.967547894,
  "gap_r": 0.93921715,
  "triple": 0.856818199,
  "triple_l": 0.828297436,
  "triple_r": 0.888492584,
  "year": 2026,
  "league": "MLB",
  "team": "San Diego Padres",
  "ptLevel": 0
}