{
  "id": "park-20",
  "name": "Citi Field (2026)",
  "avg_l": 0.97843802,
  "avg_r": 0.981070638,
  "hr_l": 0.974248171,
  "hr_r": 1.01297462,
  "gap": 0.943024099,
  "gap_l": 0.98323375,
  "gap_r": 0.927090764,
  "triple": 0.871041536,
  "triple_l": 0.848687768,
  "triple_r": 0.91326493,
  "year": 2026,
  "league": "MLB",
  "team": "New York Mets",
  "ptLevel": 0
}