{
  "id": "park-161",
  "name": "Braves Field (1952)",
  "avg_l": 0.967027506,
  "avg_r": 1.010680761,
  "hr_l": 1.028160294,
  "hr_r": 0.797554211,
  "gap": 1.0068866,
  "gap_l": 0.958168331,
  "gap_r": 1.049198309,
  "triple": 0.790380281,
  "triple_l": 0.834656085,
  "triple_r": 0.755900435,
  "year": 1952,
  "league": "NL",
  "team": "Boston Braves",
  "ptLevel": -2
}