{
  "id": "park-16",
  "name": "Dodger Stadium (2026)",
  "avg_l": 0.97995013,
  "avg_r": 0.951374233,
  "hr_l": 1.071812749,
  "hr_r": 1.123232603,
  "gap": 0.980936527,
  "gap_l": 0.976897657,
  "gap_r": 0.982168257,
  "triple": 0.843478262,
  "triple_l": 0.87509048,
  "triple_r": 0.807017088,
  "year": 2026,
  "league": "MLB",
  "team": "Los Angeles Dodgers",
  "ptLevel": 0
}