{
  "id": "park-6",
  "name": "Fenway Park (2026)",
  "avg_l": 1.037544608,
  "avg_r": 1.047479868,
  "hr_l": 0.949590623,
  "hr_r": 1.010430932,
  "gap": 1.089584947,
  "gap_l": 1.179594398,
  "gap_r": 1.038815975,
  "triple": 1.151278138,
  "triple_l": 1.139308333,
  "triple_r": 1.185153842,
  "year": 2026,
  "league": "MLB",
  "team": "Boston Red Sox",
  "ptLevel": 0
}