{
  "id": "park-90",
  "name": "Fenway Park (2004)",
  "avg_l": 1.039357221,
  "avg_r": 1.012611397,
  "hr_l": 0.881208253,
  "hr_r": 1.033067194,
  "gap": 1.096573943,
  "gap_l": 1.073530376,
  "gap_r": 1.119624941,
  "triple": 0.922412777,
  "triple_l": 1.006656281,
  "triple_r": 0.850408587,
  "year": 2004,
  "league": "AL",
  "team": "Boston Red Sox",
  "ptLevel": -2
}